<application>
  <component name="ProjectManager">
    <defaultProject>
      <component name="WindowStateProjectService">
        <state x="872" y="297" key="Rider.ProjectTemplateDialog.Size" timestamp="1693821225598">
          <screen x="0" y="0" width="2560" height="1392" />
        </state>
        <state x="872" y="297" key="Rider.ProjectTemplateDialog.Size/2560.0.1536.826/-2560.0.2560.1440/0.0.2560.1392" timestamp="1693821225598" />
      </component>
    </defaultProject>
  </component>
</application>