<application>
  <component name="ProjectManager">
    <defaultProject>
      <component name="Encoding" addBOMForNewFiles="with BOM under Windows, with no BOM otherwise" />
      <component name="WindowStateProjectService">
        <state x="872" y="306" key="Rider.ProjectTemplateDialog.Size" timestamp="1677138771006">
          <screen x="0" y="0" width="2560" height="1400" />
        </state>
        <state x="872" y="306" key="Rider.ProjectTemplateDialog.Size/0.0.2560.1400/2560.183.1920.1040" timestamp="1677138771006" />
      </component>
    </defaultProject>
  </component>
</application>