<keymap version="1" name="IntelliJ vim" parent="$default">
  <action id="Arrangement.Rule.Edit" />
  <action id="BookmarksView.Rename" />
  <action id="ChangesView.Rename">
    <keyboard-shortcut first-keystroke="shift f6" />
  </action>
  <action id="ChooseDebugConfiguration" />
  <action id="Console.TableResult.EditValue">
    <keyboard-shortcut first-keystroke="enter" />
    <keyboard-shortcut first-keystroke="alt enter" />
  </action>
  <action id="ContextHelp" />
  <action id="CopyElement" />
  <action id="DatabaseView.OpenFamilyAction" />
  <action id="Debug">
    <keyboard-shortcut first-keystroke="f5" />
  </action>
  <action id="EditSource" />
  <action id="ExternalSystem.OpenConfig" />
  <action id="Git.Rename.Local.Branch">
    <keyboard-shortcut first-keystroke="shift f6" />
  </action>
  <action id="Git.Reword.Commit">
    <keyboard-shortcut first-keystroke="shift f6" />
  </action>
  <action id="GotoNextError" />
  <action id="Graph.ApplyCurrentLayout" />
  <action id="Graph.RouteEdges" />
  <action id="Jdbc.OpenEditor.Data" />
  <action id="JumpToLastWindow" />
  <action id="Move" />
  <action id="NavBar-navigate" />
  <action id="NewElement">
    <keyboard-shortcut first-keystroke="alt insert" />
    <keyboard-shortcut first-keystroke="f1" />
  </action>
  <action id="NextDiff" />
  <action id="OpenBookmarkGroup" />
  <action id="ProjectViewEditSource" />
  <action id="RemoteHostView.EditSource" />
  <action id="RenameElement">
    <keyboard-shortcut first-keystroke="f2" />
  </action>
  <action id="RenameFile">
    <keyboard-shortcut first-keystroke="f2" />
  </action>
  <action id="Resume">
    <keyboard-shortcut first-keystroke="f6" />
  </action>
  <action id="RiderProjectDiagramApplyCurrentLayout" />
  <action id="RiderRenameFile">
    <keyboard-shortcut first-keystroke="f2" />
  </action>
  <action id="RiderUnitTestDebugContextAction">
    <keyboard-shortcut first-keystroke="f4" />
  </action>
  <action id="RiderUnitTestDebugContextTwAction" />
  <action id="ShelvedChanges.Rename">
    <keyboard-shortcut first-keystroke="shift f6" />
  </action>
  <action id="Sql.EditParameter" />
  <action id="StepInto" />
  <action id="StepOver">
    <keyboard-shortcut first-keystroke="f7" />
  </action>
  <action id="Stop">
    <keyboard-shortcut first-keystroke="shift f5" />
  </action>
  <action id="Table-startEditing" />
  <action id="ToggleBookmark" />
  <action id="ToggleFullScreen">
    <keyboard-shortcut first-keystroke="f11" />
  </action>
  <action id="ToggleZenMode">
    <keyboard-shortcut first-keystroke="f12" />
  </action>
  <action id="Tree-startEditing" />
  <action id="XDebugger.SetValue" />
  <action id="copilot.disposeInlays" />
</keymap>