<keymap version="1" name="VIM" parent="$default">
  <action id="ChangesView.ToggleCommitUi" />
  <action id="CheckinProject" />
  <action id="Console.TableResult.DeleteRows" />
  <action id="EditorCompleteStatement" />
  <action id="EditorDeleteLine" />
  <action id="FileChooser.NewFolder">
    <keyboard-shortcut first-keystroke="alt insert" />
  </action>
  <action id="FileChooser.TogglePathBar" />
  <action id="Find">
    <keyboard-shortcut first-keystroke="alt f3" />
  </action>
  <action id="Git.Commit.Stage" />
  <action id="GotoClass" />
  <action id="HideActiveWindow">
    <keyboard-shortcut first-keystroke="shift escape" />
    <keyboard-shortcut first-keystroke="escape" />
  </action>
  <action id="HippieBackwardCompletion">
    <keyboard-shortcut first-keystroke="ctrl p" />
  </action>
  <action id="HippieCompletion">
    <keyboard-shortcut first-keystroke="ctrl n" />
  </action>
  <action id="ParameterInfo" />
  <action id="QuickJavaDoc" />
  <action id="RiderUnitTestRunCurrentSessionTwAction" />
  <action id="RiderUnitTestTreeTextFilterAction">
    <keyboard-shortcut first-keystroke="alt f3" />
  </action>
</keymap>